"","Column1","Column2"
"1",196,"REBUS"
"2",197,"BOOST"
"3",198,"TRUSS"
"4",199,"SIEGE"
"5",200,"TIGER"
"6",201,"BANAL"
"7",202,"SLUMP"
"8",203,"CRANK"
"9",204,"GORGE"
"10",205,"QUERY"
"11",206,"DRINK"
"12",207,"FAVOR"
"13",208,"ABBEY"
"14",209,"TANGY"
"15",210,"PANIC"
"16",211,"SOLAR"
"17",212,"SHIRE"
"18",213,"PROXY"
"19",214,"POINT"
"20",215,"ROBOT"
"21",216,"PRICK"
"22",217,"WINCE"
"23",218,"CRIMP"
"24",219,"KNOLL"
"25",220,"SUGAR"
"26",221,"WHACK"
"27",222,"MOUNT"
"28",223,"PERKY"
"29",224,"COULD"
"30",225,"WRUNG"
"31",226,"LIGHT"
"32",227,"THOSE"
"33",228,"MOIST"
"34",229,"SHARD"
"35",230,"PLEAT"
"36",231,"ALOFT"
"37",232,"SKILL"
"38",233,"ELDER"
"39",234,"FRAME"
"40",235,"HUMOR"
"41",236,"PAUSE"
"42",237,"ULCER"
"43",238,"ULTRA"
"44",239,"ROBIN"
"45",240,"CYNIC"
"46",241,"AROMA"
"47",242,"CAULK"
"48",243,"SHAKE"
"49",244,"DODGE"
"50",245,"SWILL"
"51",246,"TACIT"
"52",247,"OTHER"
"53",248,"THORN"
"54",249,"TROVE"
"55",250,"BLOKE"
"56",251,"VIVID"
"57",252,"SPILL"
"58",253,"CHANT"
"59",254,"CHOKE"
"60",255,"RUPEE"
"61",256,"NASTY"
"62",257,"MOURN"
"63",258,"AHEAD"
"64",259,"BRINE"
"65",260,"CLOTH"
"66",261,"HOARD"
"67",262,"SWEET"
"68",263,"MONTH"
"69",264,"LAPSE"
"70",265,"WATCH"
"71",266,"TODAY"
"72",267,"FOCUS"
"73",268,"SMELT"
"74",269,"TEASE"
"75",270,"CATER"
"76",271,"MOVIE"
"77",272,"SAUTE"
"78",273,"ALLOW"
"79",274,"RENEW"
"80",275,"THEIR"
"81",276,"SLOSH"
"82",277,"PURGE"
"83",278,"CHEST"
"84",279,"DEPOT"
"85",280,"EPOXY"
"86",281,"NYMPH"
"87",282,"FOUND"
"88",283,"SHALL"
"89",284,"STOVE"
"90",285,"LOWLY"
"91",286,"SNOUT"
"92",287,"TROPE"
"93",288,"FEWER"
"94",289,"SHAWL"
"95",290,"NATAL"
"96",291,"COMMA"
"97",292,"FORAY"
"98",293,"SCARE"
"99",294,"STAIR"
"100",295,"BLACK"
"101",296,"SQUAD"
"102",297,"ROYAL"
"103",298,"CHUNK"
"104",299,"MINCE"
"105",300,"SHAME"
"106",301,"CHEEK"
"107",302,"AMPLE"
"108",303,"FLAIR"
"109",304,"FOYER"
"110",305,"CARGO"
"111",306,"OXIDE"
"112",307,"PLANT"
"113",308,"OLIVE"
"114",309,"INERT"
"115",310,"ASKEW"
"116",311,"HEIST"
"117",312,"SHOWN"
"118",313,"ZESTY"
"119",314,"TRASH"
"120",315,"LARVA"
"121",316,"FORGO"
"122",317,"STORY"
"123",318,"HAIRY"
"124",319,"TRAIN"
"125",320,"HOMER"
"126",321,"BADGE"
"127",322,"MIDST"
"128",323,"CANNY"
"129",324,"SHINE"
"130",325,"GECKO"
"131",326,"FARCE"
"132",327,"SLUNG"
"133",328,"TIPSY"
"134",329,"METAL"
"135",330,"YIELD"
"136",331,"DELVE"
"137",332,"BEING"
"138",333,"SCOUR"
"139",334,"GLASS"
"140",335,"GAMER"
"141",336,"SCRAP"
"142",337,"MONEY"
"143",338,"HINGE"
"144",339,"ALBUM"
"145",340,"VOUCH"
"146",341,"ASSET"
"147",342,"TIARA"
"148",343,"CREPT"
"149",344,"BAYOU"
"150",345,"ATOLL"
"151",346,"MANOR"
"152",347,"CREAK"
"153",348,"SHOWY"
"154",349,"PHASE"
"155",350,"FROTH"
"156",351,"DEPTH"
"157",352,"GLOOM"
"158",353,"FLOOD"
"159",354,"TRAIT"
"160",355,"GIRTH"
"161",356,"PIETY"
"162",357,"GOOSE"
"163",358,"FLOAT"
"164",359,"DONOR"
"165",360,"ATONE"
"166",361,"PRIMO"
"167",362,"APRON"
"168",363,"BLOWN"
"169",364,"CACAO"
"170",365,"LOSER"
"171",366,"INPUT"
"172",367,"GLOAT"
"173",368,"AWFUL"
"174",369,"BRINK"
"175",370,"SMITE"
"176",371,"BEADY"
"177",372,"RUSTY"
"178",373,"RETRO"
"179",374,"DROLL"
"180",375,"GAWKY"
"181",376,"HUTCH"
"182",377,"PINTO"
"183",378,"EGRET"
"184",379,"LILAC"
"185",380,"SEVER"
"186",381,"FIELD"
"187",382,"FLUFF"
"188",383,"AGAPE"
"189",384,"VOICE"
"190",385,"STEAD"
"191",386,"BERTH"
"192",387,"MADAM"
"193",388,"NIGHT"
"194",389,"BLAND"
"195",390,"LIVER"
"196",391,"WEDGE"
"197",392,"ROOMY"
"198",393,"WACKY"
"199",394,"FLOCK"
"200",395,"ANGRY"
"201",396,"TRITE"
"202",397,"APHID"
"203",398,"TRYST"
"204",399,"MIDGE"
"205",400,"POWER"
"206",401,"ELOPE"
"207",402,"CINCH"
"208",403,"MOTTO"
"209",404,"STOMP"
"210",405,"UPSET"
"211",406,"BLUFF"
"212",407,"CRAMP"
"213",408,"QUART"
"214",409,"COYLY"
"215",410,"YOUTH"
"216",411,"RHYME"
"217",412,"BUGGY"
"218",413,"ALIEN"
"219",414,"SMEAR"
"220",415,"UNFIT"
"221",416,"PATTY"
"222",417,"CLING"
"223",418,"GLEAN"
"224",419,"LABEL"
"225",420,"HUNKY"
"226",421,"KHAKI"
"227",422,"POKER"
"228",423,"GRUEL"
"229",424,"TWICE"
"230",425,"TWANG"
"231",426,"SHRUG"
"232",427,"TREAT"
"233",428,"WASTE"
"234",429,"MERIT"
"235",430,"WOVEN"
"236",431,"NEEDY"
"237",432,"CLOWN"
"238",433,"IRONY"
"239",434,"RUDER"
"240",435,"GAUZE"
"241",436,"CHIEF"
"242",437,"ONSET"
"243",438,"PRIZE"
"244",439,"FUNGI"
"245",440,"CHARM"
"246",441,"GULLY"
"247",442,"INTER"
"248",443,"WHOOP"
"249",444,"TAUNT"
"250",445,"LEERY"
"251",446,"CLASS"
"252",447,"THEME"
"253",448,"LOFTY"
"254",449,"TIBIA"
"255",450,"BOOZE"
"256",451,"ALPHA"
"257",452,"THYME"
"258",453,"DOUBT"
"259",454,"PARER"
"260",455,"CHUTE"
"261",456,"STICK"
"262",457,"TRICE"
"263",458,"ALIKE"
"264",459,"RECAP"
"265",460,"SAINT"
"266",461,"GLORY"
"267",462,"GRATE"
"268",463,"ADMIT"
"269",464,"BRISK"
"270",465,"SOGGY"
"271",466,"USURP"
"272",467,"SCALD"
"273",468,"SCORN"
"274",469,"LEAVE"
"275",470,"TWINE"
"276",471,"STING"
"277",472,"BOUGH"
"278",473,"MARSH"
"279",474,"SLOTH"
"280",475,"DANDY"
"281",476,"VIGOR"
"282",477,"HOWDY"
"283",478,"ENJOY"
"284",479,"VALID"
"285",480,"IONIC"
"286",481,"EQUAL"
"287",482,"FLOOR"
"288",483,"CATCH"
"289",484,"SPADE"
"290",485,"STEIN"
"291",486,"EXIST"
"292",487,"QUIRK"
"293",488,"DENIM"
"294",489,"GROVE"
"295",490,"SPIEL"
"296",491,"MUMMY"
"297",492,"FAULT"
"298",493,"FOGGY"
"299",494,"FLOUT"
"300",495,"CARRY"
"301",496,"SNEAK"
"302",497,"LIBEL"
"303",498,"WALTZ"
"304",499,"APTLY"
"305",500,"PINEY"
"306",501,"INEPT"
"307",502,"ALOUD"
"308",503,"PHOTO"
"309",504,"DREAM"
"310",505,"STALE"
"311",506,"BEGIN"
"312",507,"SPELL"
"313",508,"RAINY"
"314",509,"UNITE"
"315",510,"MEDAL"
"316",511,"VALET"
"317",512,"INANE"
"318",513,"MAPLE"
"319",514,"SNARL"
"320",515,"BAKER"
